source,pattern,item,origin,material,spec,manufacturer,unit_price_krw,moq,currency_orig,price_orig,effective_cost_note,source_ref,collected_at,weight_g,volume_cm3
1688,②,304 스테인레스 스틸 클램프 모니터링 호스 클램프 보안 클램프 통신 케이블 타이 클램프 가스 파이프 클램프 레인지 후드 파이프 클램프,중국(수입),스테인리스 201,모든 강철 201 직선 직경 175-197mm(SKU),,139,1,CNY,0.66,공장가 — 관세·운임 별도. 규격형. 환율 ¥1≈₩209.9(1688 화면 환산 중앙),https://detail.1688.com/offer/000000000001.html,20260928,100,
1688,②,304 스테인레스 스틸 클램프 모니터링 호스 클램프 보안 클램프 통신 케이블 타이 클램프 가스 파이프 클램프 레인지 후드 파이프 클램프,중국(수입),스테인리스 201,모든 강철 201 직선 직경 21-38mm(SKU),,67,1,CNY,0.32,공장가 — 관세·운임 별도. 규격형. 환율 ¥1≈₩209.9(1688 화면 환산 중앙),https://detail.1688.com/offer/000000000001.html,20260928,100,
1688,②,304 스테인레스 스틸 클램프 모니터링 호스 클램프 보안 클램프 통신 케이블 타이 클램프 가스 파이프 클램프 레인지 후드 파이프 클램프,중국(수입),스테인리스 304,모든 강철 304 직선 직경 18-32mm(SKU),,90,1,CNY,0.43,공장가 — 관세·운임 별도. 규격형. 환율 ¥1≈₩209.9(1688 화면 환산 중앙),https://detail.1688.com/offer/000000000001.html,20260928,100,
1688,②,304 스테인레스 스틸 클램프 모니터링 호스 클램프 보안 클램프 통신 케이블 타이 클램프 가스 파이프 클램프 레인지 후드 파이프 클램프,중국(수입),스테인리스 304,모든 강철 304 직선 직경 0-250mm(SKU),,239,1,CNY,1.14,공장가 — 관세·운임 별도. 규격형. 환율 ¥1≈₩209.9(1688 화면 환산 중앙),https://detail.1688.com/offer/000000000001.html,20260928,100,
1688,②,T형 스프링 클램프 강력 호스 클램프 T형 스테인레스 스틸 강화 호스 클램프 스프링이 있는 강력 호스 클램프 강력 클램프,중국(수입),,"252-260mm(수량구간 2,000개~)",,1028,2000,CNY,4.90,"공장가 — 관세·운임 별도. 사다리형(공통가): 600~ ¥4.90. 환율 ¥1≈₩209.9(1688 화면 환산 중앙). 규격 3종 공통가(규격마다 행 분리). 규격 단위 mm ← 상세 «직경 범위» 표. ⚠️ 수량조건 혼재(구간 600 / 최소주문 2,000) — 의미 미확인",https://detail.1688.com/offer/000000000002.html,20260928,20,
1688,②,T형 스프링 클램프 강력 호스 클램프 T형 스테인레스 스틸 강화 호스 클램프 스프링이 있는 강력 호스 클램프 강력 클램프,중국(수입),,"37-40mm(수량구간 2,000개~)",,1028,2000,CNY,4.90,"공장가 — 관세·운임 별도. 사다리형(공통가): 600~ ¥4.90. 환율 ¥1≈₩209.9(1688 화면 환산 중앙). 규격 3종 공통가(규격마다 행 분리). 규격 단위 mm ← 상세 «직경 범위» 표. ⚠️ 수량조건 혼재(구간 600 / 최소주문 2,000) — 의미 미확인",https://detail.1688.com/offer/000000000002.html,20260928,20,
1688,②,201/304/316 핸들이 있는 스테인리스 스틸 아메리칸 스타일 스로트 클램프,중국(수입),스테인리스 304,손잡이가있는 27-51mm 304(SKU),,151,10,CNY,0.72,공장가 — 관세·운임 별도. 규격형. 환율 ¥1≈₩209.9(1688 화면 환산 중앙),https://detail.1688.com/offer/000000000003.html,20260928,30,
1688,②,201/304/316 핸들이 있는 스테인리스 스틸 아메리칸 스타일 스로트 클램프,중국(수입),스테인리스 304,손잡이가 있는 84-108mm 304(SKU),,197,10,CNY,0.94,공장가 — 관세·운임 별도. 규격형. 환율 ¥1≈₩209.9(1688 화면 환산 중앙),https://detail.1688.com/offer/000000000003.html,20260928,30,
1688,②,"304 크로스 아메리칸 스테인레스 스틸 클램프, 수도관 호스 클램프, 조임 클램프, 호스 클램프, 클램프 고정 버클",중국(수입),스테인리스 201,21-38mm(201 스테인레스 스틸)(SKU),,94,10,CNY,0.45,공장가 — 관세·운임 별도. 규격형. 환율 ¥1≈₩209.9(1688 화면 환산 중앙). 프로모션가 ¥0.38(한시). 규격 단위 mm ← 상세 «직경 범위» 표,https://detail.1688.com/offer/000000000004.html,20260928,5,480
1688,②,"304 크로스 아메리칸 스테인레스 스틸 클램프, 수도관 호스 클램프, 조임 클램프, 호스 클램프, 클램프 고정 버클",중국(수입),스테인리스 304,19-29mm(304 스테인레스 스틸)(SKU),,97,10,CNY,0.46,공장가 — 관세·운임 별도. 규격형. 환율 ¥1≈₩209.9(1688 화면 환산 중앙). 프로모션가 ¥0.41(한시). 규격 단위 mm ← 상세 «직경 범위» 표,https://detail.1688.com/offer/000000000004.html,20260928,5,480
