거래처,품번,품명,규격,단위,개당단가_krw,시행일,원본파일
거래처A,,410 #8 (4.2) 와샤붙이,#8x13,500,10,2026-01-02,2026-01-02_단가표.pdf
거래처A,,410 #8 (4.2) 와샤붙이,#8x16,500,11,2026-01-02,2026-01-02_단가표.pdf
거래처A,,410 #8 (4.2) 냄비,#8x13,500,12,2026-01-02,2026-01-02_단가표.pdf
거래처A,,410 #8 (4.2) 냄비,#8x16,500,13,2026-01-02,2026-01-02_단가표.pdf
거래처A,,410 #8 (4.2) 접시,#8x13,500,14,2026-01-02,2026-01-02_단가표.pdf
거래처A,,410 #8 (4.2) 접시,#8x16,500,15,2026-01-02,2026-01-02_단가표.pdf
거래처A,,410 #10 (4.8) 와샤붙이,#10x16,500,16,2026-01-02,2026-01-02_단가표.pdf
거래처A,,410 #10 (4.8) 육각와샤,#10x16,500,17,2026-01-02,2026-01-02_단가표.pdf
거래처A,,410 #10 (4.8) 냄비,#10x16,500,18,2026-01-02,2026-01-02_단가표.pdf
거래처A,,410 #10 (4.8) 접시,#10x16,500,19,2026-01-02,2026-01-02_단가표.pdf
